User ID,Last Name,First Name,Work Email,Primary Email Type,Federated
VUTE32H3,Blackwell,Brandon,brandon.blackwell@acmecorp.org,work,FALSE
3S795ZPX,Robles,Ronald,ronald.robles@example.com,work,FALSE
4ZPII760,Gonzalez,Whitney,whitney.gonzalez@globex.net,work,FALSE
IILZZJ9J,Miller,Brian,brian.miller@acmecorp.org,work,FALSE
V9L5F6JX,Mason,Lisa,lisa.mason@globex.net,work,FALSE
IIDJKXJD,Moore,Donald,donald.moore@globex.net,work,FALSE
C60HP45E,Kelly,Jasmine,jasmine.kelly@globex.net,work,FALSE
E8EFPRRO,Haley,Patricia,patricia.haley@globex.net,work,FALSE
E755CY1C,Rodriguez,Elaine,elaine.rodriguez@globex.net,work,FALSE
WVDNTX17,Williams,Darren,darren.williams@example.com,work,FALSE
GV7W0IBD,Cameron,Jennifer,jennifer.cameron@inovatech.co,work,FALSE
FJT4HEIT,Miller,Cynthia,cynthia.miller@acmecorp.org,work,FALSE
W235PB6R,Aguilar,William,william.aguilar@acmecorp.org,work,FALSE
SRWKH3GU,Gentry,Brandy,brandy.gentry@acmecorp.org,work,FALSE
1FHQ701G,Campbell,Edward,edward.campbell@inovatech.co,work,FALSE
N7U7AIUI,Brown,Jeremy,jeremy.brown@acmecorp.org,work,FALSE
TBJ3J8YO,Duncan,Ryan,ryan.duncan@globex.net,work,FALSE
7H10V1IJ,Smith,Michelle,michelle.smith@inovatech.co,work,FALSE
K4I3NI7B,Baker,Wayne,wayne.baker@globex.net,work,FALSE
BSZX8QWO,Brown,Jason,jason.brown@acmecorp.org,work,FALSE
L1OINQNO,Hampton,Christopher,christopher.hampton@acmecorp.org,work,FALSE
MBA72KXV,Benson,Bradley,bradley.benson@example.com,work,FALSE
FLDKFUYA,Lawson,Anthony,anthony.lawson@inovatech.co,work,FALSE
HO4RUDDE,Smith,Charles,charles.smith@example.com,work,FALSE
4Z1HDG48,Ortiz,Marcus,marcus.ortiz@inovatech.co,work,FALSE
1VDEE4JQ,Anderson,Brittany,brittany.anderson@example.com,work,FALSE
X4VZIKSQ,Montgomery,Monica,monica.montgomery@inovatech.co,work,FALSE
MK292B1I,Armstrong,Patricia,patricia.armstrong@example.com,work,FALSE
SUIVLDIO,Williams,Julia,julia.williams@example.com,work,FALSE
YUMXX1HQ,Davis,Amanda,amanda.davis@inovatech.co,work,FALSE
UARKBF15,Wilkins,Kyle,kyle.wilkins@example.com,work,FALSE
KCP095AP,Casey,Jennifer,jennifer.casey@example.com,work,FALSE
K40SR9FB,Castro,Adam,adam.castro@example.com,work,FALSE
JBJS9541,Lee,Vickie,vickie.lee@example.com,work,FALSE
D9XRCDRG,Juarez,Melanie,melanie.juarez@inovatech.co,work,FALSE
G5IAGL0R,Chapman,Kelly,kelly.chapman@globex.net,work,FALSE
16IZ04I4,Walker,Alicia,alicia.walker@inovatech.co,work,FALSE
MBS3QA7E,Diaz,Jerry,jerry.diaz@example.com,work,FALSE
9C7RRH1W,Moore,Peter,peter.moore@globex.net,work,FALSE
KM00BKH4,Ross,Vickie,vickie.ross@globex.net,work,FALSE
JKD00EAS,Anderson,Stephen,stephen.anderson@example.com,work,FALSE
9VCSZF7B,Wilson,Heather,heather.wilson@example.com,work,FALSE
A8XYTXDF,Anderson,Terri,terri.anderson@acmecorp.org,work,FALSE
EK4TQ1QB,Morgan,Ariana,ariana.morgan@inovatech.co,work,FALSE
KS7LZMFV,Cummings,Mary,mary.cummings@acmecorp.org,work,FALSE
3G6QZVZP,Rivera,Samuel,samuel.rivera@acmecorp.org,work,FALSE
SFEOH1PM,Hines,Jorge,jorge.hines@example.com,work,FALSE
5RZCM2QB,Stephens,Scott,scott.stephens@example.com,work,FALSE
WLHN2EV5,King,Daniel,daniel.king@acmecorp.org,work,FALSE
24D4JLV2,Lopez,William,william.lopez@inovatech.co,work,FALSE
0SLU0KT5,Rodriguez,Melissa,melissa.rodriguez@inovatech.co,work,FALSE
O99K8HBL,Collins,Tiffany,tiffany.collins@acmecorp.org,work,FALSE
VL2KFXVK,Little,Elizabeth,elizabeth.little@acmecorp.org,work,FALSE
1FCM8TP9,Ross,Kelly,kelly.ross@inovatech.co,work,FALSE
ABPBWM0M,Hendricks,Jesse,jesse.hendricks@globex.net,work,FALSE
0P8KIMWF,Chase,Evan,evan.chase@inovatech.co,work,FALSE
P5UBKC1S,Fuller,Lisa,lisa.fuller@globex.net,work,FALSE
7CYFZMLP,Burns,Lauren,lauren.burns@inovatech.co,work,FALSE
GFXPMGRM,Cox,David,david.cox@example.com,work,FALSE
67Z0XZBH,Elliott,Sandra,sandra.elliott@acmecorp.org,work,FALSE
MNHJFH4R,Garcia,Robert,robert.garcia@globex.net,work,FALSE
7LOTFLW3,Daniels,Amy,amy.daniels@inovatech.co,work,FALSE
W3CC0AEY,Palmer,Erin,erin.palmer@inovatech.co,work,FALSE
79Z31LMP,Lee,Brittany,brittany.lee@example.com,work,FALSE
BB1Z98HZ,Morgan,Christy,christy.morgan@example.com,work,FALSE
QMPZKMTQ,Tucker,Ryan,ryan.tucker@example.com,work,FALSE
ZGYPJC7E,Harper,Melissa,melissa.harper@globex.net,work,FALSE
20TB3INK,Myers,Eric,eric.myers@inovatech.co,work,FALSE
74LZZHNP,Allison,Parker,parker.allison@acmecorp.org,work,FALSE
UGI70MRD,Atkinson,Lisa,lisa.atkinson@globex.net,work,FALSE
300JGVEB,Hammond,Veronica,veronica.hammond@example.com,work,FALSE
Y4EWUJLR,Rodriguez,Joseph,joseph.rodriguez@inovatech.co,work,FALSE
HFQN3QH9,Murphy,Kathryn,kathryn.murphy@acmecorp.org,work,FALSE
EE5H2PCC,Nichols,Nicholas,nicholas.nichols@acmecorp.org,work,FALSE
SL8EISOT,Cortez,Bryan,bryan.cortez@example.com,work,FALSE
ULCRNLF5,Ortiz,Vanessa,vanessa.ortiz@inovatech.co,work,FALSE
5LRW17MK,Vargas,Brandon,brandon.vargas@acmecorp.org,work,FALSE
NCFM25QW,Barnett,Jonathan,jonathan.barnett@acmecorp.org,work,FALSE
96CRTM7B,Miller,Nathan,nathan.miller@inovatech.co,work,FALSE
M0DPQPN4,Morris,Kelly,kelly.morris@globex.net,work,FALSE
GBS6JLS4,Shelton,Thomas,thomas.shelton@inovatech.co,work,FALSE
NIXZC5F7,Bennett,Rodney,rodney.bennett@inovatech.co,work,FALSE
C49WACV0,Mason,Beth,beth.mason@example.com,work,FALSE
ZQQPFPKR,Hughes,Jeffrey,jeffrey.hughes@example.com,work,FALSE
WSRE6FGG,Pierce,Patrick,patrick.pierce@inovatech.co,work,FALSE
KHRP0S0K,Todd,Melanie,melanie.todd@acmecorp.org,work,FALSE
20VHHZN0,Moreno,Samantha,samantha.moreno@globex.net,work,FALSE
ANQEYC1N,Mitchell,Stephen,stephen.mitchell@inovatech.co,work,FALSE
H74QXSH4,Crawford,William,william.crawford@acmecorp.org,work,FALSE
AARKFIUA,Graves,Monique,monique.graves@acmecorp.org,work,FALSE
VTE1QF09,Morales,Cassandra,cassandra.morales@example.com,work,FALSE
RPGD65WG,Payne,Jessica,jessica.payne@globex.net,work,FALSE
4ZMIH09S,Brady,James,james.brady@example.com,work,FALSE
UTZKGKHI,Herring,Alyssa,alyssa.herring@acmecorp.org,work,FALSE
ZUKRONKU,Gonzalez,Robert,robert.gonzalez@example.com,work,FALSE
0GK5KOC1,Benson,Michael,michael.benson@acmecorp.org,work,FALSE
JCOGNTJX,Holland,Claire,claire.holland@example.com,work,FALSE
ZMRLCKGL,Salas,Adam,adam.salas@example.com,work,FALSE
94AR3W0E,Caldwell,James,james.caldwell@example.com,work,FALSE
TBBJ1WJX,Ramirez,Patricia,patricia.ramirez@example.com,work,FALSE
DHPAAQTF,Zimmerman,Michelle,michelle.zimmerman@acmecorp.org,work,FALSE
Q638UUAW,Nelson,Michael,michael.nelson@globex.net,work,FALSE
19SISNJ4,Johnson,Gary,gary.johnson@acmecorp.org,work,FALSE
BOEGJ2E3,Smith,Henry,henry.smith@example.com,work,FALSE
DHE9JDR4,Morris,Alexandra,alexandra.morris@globex.net,work,FALSE
RGINJRKM,Franklin,Brooke,brooke.franklin@inovatech.co,work,FALSE
5KBPZJLT,Riley,Sarah,sarah.riley@inovatech.co,work,FALSE
8P1PGEZO,Duran,David,david.duran@example.com,work,FALSE
694AUY7Y,Zhang,Crystal,crystal.zhang@globex.net,work,FALSE
870DBWDG,Mcgrath,Michelle,michelle.mcgrath@example.com,work,FALSE
MA4GIQD0,Jordan,Craig,craig.jordan@inovatech.co,work,FALSE
UDDVA5PT,Hudson,Jeanne,jeanne.hudson@globex.net,work,FALSE
WA93EMVT,Barnett,Mario,mario.barnett@globex.net,work,FALSE
6AD272E1,Carlson,Dillon,dillon.carlson@example.com,work,FALSE
H88FIWPO,Ramsey,Christopher,christopher.ramsey@globex.net,work,FALSE
ZDYKLAP6,Black,Joshua,joshua.black@acmecorp.org,work,FALSE
WXZGYWYG,Cross,Stephen,stephen.cross@example.com,work,FALSE
XC31IAQ9,Taylor,Christopher,christopher.taylor@acmecorp.org,work,FALSE
NOJSWAVF,Jimenez,James,james.jimenez@globex.net,work,FALSE
B1MFJ76F,Thomas,Amber,amber.thomas@globex.net,work,FALSE
WA84X6YA,Brown,Megan,megan.brown@acmecorp.org,work,FALSE
90A9OSQ4,Nash,Yvonne,yvonne.nash@acmecorp.org,work,FALSE
NN6KTMF4,Higgins,Matthew,matthew.higgins@acmecorp.org,work,FALSE
KDX5JF5M,Rivera,Tammy,tammy.rivera@acmecorp.org,work,FALSE
7CUH1K7R,Perez,Anna,anna.perez@inovatech.co,work,FALSE
K8OWLUG3,Rocha,Nathan,nathan.rocha@example.com,work,FALSE
4NETXIQO,Brown,April,april.brown@example.com,work,FALSE
L0I1CYO8,Buck,Jennifer,jennifer.buck@inovatech.co,work,FALSE
JP19S71A,Day,Dylan,dylan.day@acmecorp.org,work,FALSE
01GB2ACS,Thompson,Crystal,crystal.thompson@inovatech.co,work,FALSE
WQTHRBT4,Dean,Zachary,zachary.dean@globex.net,work,FALSE
8Y6ITRYD,Mitchell,Harold,harold.mitchell@acmecorp.org,work,FALSE
G144U0PJ,White,Anthony,anthony.white@inovatech.co,work,FALSE
FFZE07FX,Murphy,Jennifer,jennifer.murphy@inovatech.co,work,FALSE
OT6A92ZF,Watkins,Misty,misty.watkins@example.com,work,FALSE
FIZIS1VM,Patel,Ashley,ashley.patel@acmecorp.org,work,FALSE
8ZA84ZM9,Morgan,Olivia,olivia.morgan@globex.net,work,FALSE
DTOBUJCB,Hughes,Michelle,michelle.hughes@inovatech.co,work,FALSE
MJQ160R1,Callahan,Joseph,joseph.callahan@acmecorp.org,work,FALSE
COT9QDXV,Love,Steven,steven.love@acmecorp.org,work,FALSE
32L6PX3R,Jones,Karen,karen.jones@acmecorp.org,work,FALSE
W5TQO0ON,Clark,Matthew,matthew.clark@example.com,work,FALSE
VNN19ENL,Miller,Steven,steven.miller@example.com,work,FALSE
2720MNEY,Evans,John,john.evans@inovatech.co,work,FALSE
J9QG058L,Clayton,Tammy,tammy.clayton@acmecorp.org,work,FALSE
PNOZAOUU,Harvey,Valerie,valerie.harvey@acmecorp.org,work,FALSE
ZMRGE4R2,Crawford,Andrew,andrew.crawford@inovatech.co,work,FALSE
X1VLUZE5,Price,Carolyn,carolyn.price@example.com,work,FALSE
UCAESETR,Jenkins,Bobby,bobby.jenkins@globex.net,work,FALSE
Y28Z3DAT,Smith,Brenda,brenda.smith@example.com,work,FALSE
4UK8JLGF,Robinson,Keith,keith.robinson@inovatech.co,work,FALSE
QDWN0FCS,Flores,John,john.flores@acmecorp.org,work,FALSE
ZASDFNKF,Moore,Jessica,jessica.moore@inovatech.co,work,FALSE
RWL3PHN8,Kelley,Jean,jean.kelley@example.com,work,FALSE
HCKBXVSN,Ross,Rachel,rachel.ross@acmecorp.org,work,FALSE
OVHZE881,Pitts,Daniel,daniel.pitts@acmecorp.org,work,FALSE
EC6TK5KE,Dyer,Christian,christian.dyer@acmecorp.org,work,FALSE
2M9F3N3J,Wallace,Hayley,hayley.wallace@acmecorp.org,work,FALSE
LHWK38IJ,Boyd,Sabrina,sabrina.boyd@inovatech.co,work,FALSE
FH8J5Q7W,Harmon,Bruce,bruce.harmon@acmecorp.org,work,FALSE
E0EC08HZ,Zimmerman,Jacob,jacob.zimmerman@inovatech.co,work,FALSE
JH6VJY3Q,Hughes,Kimberly,kimberly.hughes@globex.net,work,FALSE
LEJYCI64,Strong,Tyrone,tyrone.strong@acmecorp.org,work,FALSE
QY9QJXND,Freeman,Anthony,anthony.freeman@globex.net,work,FALSE
50I9L92J,Gray,Jacob,jacob.gray@acmecorp.org,work,FALSE
56VE6JQI,Anderson,Joshua,joshua.anderson@example.com,work,FALSE
FL0L61TA,Wright,Ronald,ronald.wright@globex.net,work,FALSE
SCR5FJHU,West,Rebecca,rebecca.west@globex.net,work,FALSE
DO4Y2XHL,Allen,Allison,allison.allen@acmecorp.org,work,FALSE
TZRNLV0T,Lambert,Richard,richard.lambert@inovatech.co,work,FALSE
GY1M28YK,Fletcher,Samantha,samantha.fletcher@globex.net,work,FALSE
3G5VJT2J,Simpson,Kevin,kevin.simpson@acmecorp.org,work,FALSE
W17DK8WS,Vasquez,Stacey,stacey.vasquez@globex.net,work,FALSE
VWL7PEUG,Torres,Leah,leah.torres@inovatech.co,work,FALSE
OFX1EUCW,Jarvis,Carol,carol.jarvis@inovatech.co,work,FALSE
ZIXO8ICZ,James,Barbara,barbara.james@example.com,work,FALSE
4O03T9JL,Richards,Stephen,stephen.richards@inovatech.co,work,FALSE
O09HMCCJ,Sanders,Jeffrey,jeffrey.sanders@inovatech.co,work,FALSE
84U2FH8F,Singh,Miranda,miranda.singh@inovatech.co,work,FALSE
ASDXS131,Brown,Veronica,veronica.brown@globex.net,work,FALSE
2OQJAZPI,Mcguire,Kathy,kathy.mcguire@acmecorp.org,work,FALSE
WB8YIBXD,Blair,John,john.blair@acmecorp.org,work,FALSE
LMOP99D9,White,Jose,jose.white@acmecorp.org,work,FALSE
27AEACBO,Warner,Russell,russell.warner@example.com,work,FALSE
MBA2HDMM,Rodriguez,Jacob,jacob.rodriguez@globex.net,work,FALSE
SIQMIB9M,Benson,Bruce,bruce.benson@acmecorp.org,work,FALSE
PTO0DEFY,Baker,Kyle,kyle.baker@inovatech.co,work,FALSE
U3BS6L1W,Torres,Ashley,ashley.torres@inovatech.co,work,FALSE
MFZJP2NB,Russell,Carrie,carrie.russell@inovatech.co,work,FALSE
ED5WN4XX,Young,John,john.young@acmecorp.org,work,FALSE
W42L0AWQ,Adams,Grace,grace.adams@globex.net,work,FALSE
Y06AID9P,Reynolds,Anthony,anthony.reynolds@example.com,work,FALSE
3XXNC8Q4,Garcia,Ryan,ryan.garcia@acmecorp.org,work,FALSE
9FUN64S9,Fuller,Patrick,patrick.fuller@example.com,work,FALSE
7U7P9PV8,Sheppard,Nicholas,nicholas.sheppard@inovatech.co,work,FALSE
J7W45O08,Hatfield,Tommy,tommy.hatfield@globex.net,work,FALSE
YQJL6W0C,Taylor,Roy,roy.taylor@acmecorp.org,work,FALSE
ILGFO2MS,Harris,Andrew,andrew.harris@globex.net,work,FALSE
28SNY4VM,Thomas,Christine,christine.thomas@example.com,work,FALSE
24MQV2OM,Johnson,Steven,steven.johnson@acmecorp.org,work,FALSE
37KKINV6,Allen,Joel,joel.allen@acmecorp.org,work,FALSE
6DFQ1763,Kaufman,Christine,christine.kaufman@globex.net,work,FALSE
E72ZUXTY,Reese,Brandi,brandi.reese@acmecorp.org,work,FALSE
W7YSJXXW,Nelson,Courtney,courtney.nelson@acmecorp.org,work,FALSE
MDWI05JN,Miller,Matthew,matthew.miller@globex.net,work,FALSE
ODXO7QAD,Richards,Carolyn,carolyn.richards@example.com,work,FALSE
JQXZPD6J,Garrison,Jeffrey,jeffrey.garrison@example.com,work,FALSE
P11NLZ4C,Mcbride,Jeffrey,jeffrey.mcbride@acmecorp.org,work,FALSE
392TPHBM,Vasquez,Barbara,barbara.vasquez@inovatech.co,work,FALSE
C8N42G57,Harrington,Dustin,dustin.harrington@example.com,work,FALSE
95ABWIY6,Blake,Nathan,nathan.blake@example.com,work,FALSE
AAM2TAW9,Pittman,Larry,larry.pittman@inovatech.co,work,FALSE
ZZEEIIRQ,Frazier,Robert,robert.frazier@acmecorp.org,work,FALSE
HHP9KL77,Lewis,Amy,amy.lewis@inovatech.co,work,FALSE
52L3U1DG,Fields,Tara,tara.fields@inovatech.co,work,FALSE
CGRAGN2K,Davis,Brenda,brenda.davis@example.com,work,FALSE
6XBZ0RYV,Leonard,Terri,terri.leonard@globex.net,work,FALSE
AKZDBNYN,Nichols,Jennifer,jennifer.nichols@inovatech.co,work,FALSE
RMMECA4U,White,Sherri,sherri.white@example.com,work,FALSE
CMYAHM70,Harris,Brian,brian.harris@example.com,work,FALSE
7B3GJ9D7,Ruiz,Jennifer,jennifer.ruiz@globex.net,work,FALSE
ZBJUCFAU,Garcia,Alexis,alexis.garcia@acmecorp.org,work,FALSE
IWL7QNJA,Jones,Walter,walter.jones@globex.net,work,FALSE
US9PZP2N,Schneider,Kimberly,kimberly.schneider@acmecorp.org,work,FALSE
WT7U0A22,Davis,Gregory,gregory.davis@globex.net,work,FALSE
TJE1G4EI,Lopez,Tiffany,tiffany.lopez@globex.net,work,FALSE
KYO1O4P5,Myers,Michele,michele.myers@globex.net,work,FALSE
V67SXBRI,Green,Gregory,gregory.green@globex.net,work,FALSE
ZNDWU3OJ,Gonzalez,Kenneth,kenneth.gonzalez@globex.net,work,FALSE
4DJPCX01,Jimenez,Lisa,lisa.jimenez@inovatech.co,work,FALSE
BUTPTQKI,Dean,Nathan,nathan.dean@globex.net,work,FALSE
YBIV84ZK,Reynolds,Patrick,patrick.reynolds@acmecorp.org,work,FALSE
E4ANEDLW,Dunn,Laura,laura.dunn@acmecorp.org,work,FALSE
M1LVE4O2,Savage,Craig,craig.savage@globex.net,work,FALSE
7ABMFUPA,Abbott,Amber,amber.abbott@example.com,work,FALSE
7WH31MD1,Sanchez,Karen,karen.sanchez@example.com,work,FALSE
JPVFTH5G,Bass,Brianna,brianna.bass@acmecorp.org,work,FALSE
QR75KSHR,Huang,Rebecca,rebecca.huang@globex.net,work,FALSE
LSJGUS55,Cowan,John,john.cowan@globex.net,work,FALSE
CUXBU4S5,Hill,George,george.hill@example.com,work,FALSE
KN6DUO8A,Newman,Evan,evan.newman@globex.net,work,FALSE
I76T2IQJ,Hudson,April,april.hudson@globex.net,work,FALSE
G35TWOP6,Lin,Tara,tara.lin@globex.net,work,FALSE
4LVH1G92,Harper,Sean,sean.harper@example.com,work,FALSE
BDT39MVD,Goodwin,Matthew,matthew.goodwin@inovatech.co,work,FALSE
PAJRWWCT,Murphy,Robert,robert.murphy@example.com,work,FALSE
PO3IHDIK,Ramirez,Jeremy,jeremy.ramirez@inovatech.co,work,FALSE
6N4P8R41,Warren,Jennifer,jennifer.warren@globex.net,work,FALSE
R09SBCSP,Molina,Cody,cody.molina@example.com,work,FALSE
5RO65FGW,Lara,Gabrielle,gabrielle.lara@globex.net,work,FALSE
UEUBBVJP,Murphy,Laura,laura.murphy@acmecorp.org,work,FALSE
M8E9QJDQ,Doyle,David,david.doyle@globex.net,work,FALSE
CWUBOFAS,Horton,Martin,martin.horton@inovatech.co,work,FALSE
NPVAAHKH,Gallegos,Samuel,samuel.gallegos@example.com,work,FALSE
IBC8HIZH,Carroll,Bianca,bianca.carroll@acmecorp.org,work,FALSE
HN3YJJBH,Watkins,Donald,donald.watkins@example.com,work,FALSE
5GPOZSKD,Chandler,Marvin,marvin.chandler@example.com,work,FALSE
UQUO1Y7J,Jackson,Cheryl,cheryl.jackson@inovatech.co,work,FALSE
WG2MYYPC,Johnson,Dennis,dennis.johnson@acmecorp.org,work,FALSE
HMDO7QMH,Rios,Haley,haley.rios@example.com,work,FALSE
S1QRGE8R,Pace,Richard,richard.pace@acmecorp.org,work,FALSE
LO1TITJV,Flores,Carrie,carrie.flores@acmecorp.org,work,FALSE
KLRLB4DG,Gibson,Amy,amy.gibson@example.com,work,FALSE
5NKRHPCP,Crawford,Dustin,dustin.crawford@acmecorp.org,work,FALSE
0ZVW7YNK,Sanford,James,james.sanford@example.com,work,FALSE
7TWG90T8,Gutierrez,Kaitlin,kaitlin.gutierrez@inovatech.co,work,FALSE
VHS6QCUI,Hernandez,Kevin,kevin.hernandez@inovatech.co,work,FALSE
FRQ9B3PG,Torres,Amy,amy.torres@example.com,work,FALSE
ZDMAT7YA,Anderson,Tony,tony.anderson@inovatech.co,work,FALSE
E2XMO6G0,Vargas,Edwin,edwin.vargas@inovatech.co,work,FALSE
VVXT6K2E,Moreno,Jeremiah,jeremiah.moreno@example.com,work,FALSE
W5UR8205,Marshall,David,david.marshall@inovatech.co,work,FALSE
IMQGGQ71,Barnett,Mark,mark.barnett@inovatech.co,work,FALSE
9V6URQ62,Harris,Carla,carla.harris@acmecorp.org,work,FALSE
64FYNP8E,Long,Robert,robert.long@inovatech.co,work,FALSE
65ZU8DZV,Wells,Stephen,stephen.wells@example.com,work,FALSE
DJ4WSG1Z,Arnold,Larry,larry.arnold@example.com,work,FALSE
ES5Q69AW,Jones,Samuel,samuel.jones@inovatech.co,work,FALSE
A1TXGTH0,Mcmahon,Christina,christina.mcmahon@acmecorp.org,work,FALSE
OMZQY7GJ,Williams,Thomas,thomas.williams@acmecorp.org,work,FALSE
TETYROKK,Harding,Barbara,barbara.harding@globex.net,work,FALSE
2SK3SE0J,Mercer,Tammy,tammy.mercer@inovatech.co,work,FALSE
WW2MA6PD,Jackson,Linda,linda.jackson@inovatech.co,work,FALSE
NHZBE0TL,Ballard,Joshua,joshua.ballard@example.com,work,FALSE
WQTJ86FJ,Frazier,Joshua,joshua.frazier@example.com,work,FALSE
9ONUJ1RU,Harrell,Marcia,marcia.harrell@example.com,work,FALSE
NHXZ4CU2,Ortiz,Monica,monica.ortiz@globex.net,work,FALSE
RO9QJKC6,Collier,Steven,steven.collier@inovatech.co,work,FALSE
XT57YGJZ,Evans,Christopher,christopher.evans@globex.net,work,FALSE
VV5GK9M4,Dillon,Tracey,tracey.dillon@globex.net,work,FALSE
70EQB39C,White,Debra,debra.white@acmecorp.org,work,FALSE
4UK2DXB2,Wheeler,Dennis,dennis.wheeler@inovatech.co,work,FALSE
FRUAAQJO,Colon,Zachary,zachary.colon@example.com,work,FALSE
KNJCM34K,Moore,Eric,eric.moore@acmecorp.org,work,FALSE
WIMTXJH4,Burton,Jason,jason.burton@acmecorp.org,work,FALSE
L8ZC4M0A,Wolfe,Derrick,derrick.wolfe@inovatech.co,work,FALSE
6F5ME9FR,Russell,Matthew,matthew.russell@inovatech.co,work,FALSE
76TXLC2N,Patrick,Linda,linda.patrick@inovatech.co,work,FALSE
DUL2GYKX,Delacruz,Regina,regina.delacruz@globex.net,work,FALSE
Q1S2BI27,Lane,Michael,michael.lane@example.com,work,FALSE
KHPTH46S,Castaneda,Stephanie,stephanie.castaneda@acmecorp.org,work,FALSE
96FT2L70,Jones,Stephanie,stephanie.jones@acmecorp.org,work,FALSE
0J0RUHNJ,Casey,Richard,richard.casey@acmecorp.org,work,FALSE
GYK7Z22T,Brown,Renee,renee.brown@globex.net,work,FALSE
XSWVTGBN,Brooks,Luis,luis.brooks@inovatech.co,work,FALSE
RXBQVXPR,Lawson,John,john.lawson@acmecorp.org,work,FALSE
U87QQZJR,Schwartz,Brandon,brandon.schwartz@acmecorp.org,work,FALSE
1R0OXWXU,Scott,Matthew,matthew.scott@example.com,work,FALSE
I9TL91LR,Huff,Timothy,timothy.huff@inovatech.co,work,FALSE
JZW1NC6F,Miller,Thomas,thomas.miller@globex.net,work,FALSE
CNV3M7ZT,Mayo,Kenneth,kenneth.mayo@acmecorp.org,work,FALSE
9ZKSG5T5,Hammond,Adam,adam.hammond@example.com,work,FALSE
UCSTQD93,Coleman,Janet,janet.coleman@example.com,work,FALSE
VXH9KL8R,Osborne,Sara,sara.osborne@globex.net,work,FALSE
7QRLC2VA,Gibson,Jeremy,jeremy.gibson@acmecorp.org,work,FALSE
7KOJY1IR,Garner,Belinda,belinda.garner@example.com,work,FALSE
ECD6MNHS,Benjamin,Laura,laura.benjamin@globex.net,work,FALSE
WIF0ALD9,Owens,Ernest,ernest.owens@acmecorp.org,work,FALSE
XGO220M7,Adams,Linda,linda.adams@example.com,work,FALSE
K6PXPZD9,Davis,Albert,albert.davis@inovatech.co,work,FALSE
Z5OIEJF4,Bennett,Emma,emma.bennett@inovatech.co,work,FALSE
MHCDAPTE,Ortega,Aaron,aaron.ortega@acmecorp.org,work,FALSE
28YHKVZR,Ashley,Richard,richard.ashley@inovatech.co,work,FALSE
2X1MZ2UQ,Romero,Rodney,rodney.romero@inovatech.co,work,FALSE
LDRZ6KW3,Estrada,Lisa,lisa.estrada@acmecorp.org,work,FALSE
KZYCY6BK,Ellis,Bryan,bryan.ellis@globex.net,work,FALSE
U01HIZVK,Perkins,Melissa,melissa.perkins@example.com,work,FALSE
WYMY2F14,Le,Darren,darren.le@globex.net,work,FALSE
46149L9L,Mcneil,Peter,peter.mcneil@example.com,work,FALSE
75I8NP1D,Pierce,David,david.pierce@inovatech.co,work,FALSE
LQLFHIYY,Allen,Derek,derek.allen@inovatech.co,work,FALSE
WH8GT99C,Ramsey,Andrea,andrea.ramsey@globex.net,work,FALSE
KZ24PON4,Carter,Mark,mark.carter@example.com,work,FALSE
MTW8MVD2,Macias,John,john.macias@inovatech.co,work,FALSE
TOWYG71X,Phillips,Joe,joe.phillips@inovatech.co,work,FALSE
VK1IZB2Z,Alexander,Jessica,jessica.alexander@example.com,work,FALSE
ZPYOBD1S,Washington,Catherine,catherine.washington@example.com,work,FALSE
2KLM0UBT,Harper,Lauren,lauren.harper@inovatech.co,work,FALSE
6H72G0GM,Flores,Alicia,alicia.flores@example.com,work,FALSE
LEWZMINC,Rodriguez,Jeffrey,jeffrey.rodriguez@globex.net,work,FALSE
EDAW875R,Kelly,Antonio,antonio.kelly@globex.net,work,FALSE
V9ZBW1FQ,Harrison,Francisco,francisco.harrison@inovatech.co,work,FALSE
J0PSRXM1,Butler,Allen,allen.butler@globex.net,work,FALSE
7DNFVI1L,Bryan,Christine,christine.bryan@globex.net,work,FALSE
2EK9EIIG,Black,Nicole,nicole.black@example.com,work,FALSE
6HAGBSAL,Greer,Patrick,patrick.greer@inovatech.co,work,FALSE
LDZ41GZH,Williams,Chelsea,chelsea.williams@inovatech.co,work,FALSE
XHNEOT1D,Hill,Elizabeth,elizabeth.hill@globex.net,work,FALSE
9TL1I1JW,Wilson,Joseph,joseph.wilson@acmecorp.org,work,FALSE
UKI5MG30,Small,Matthew,matthew.small@acmecorp.org,work,FALSE
J5BEMBZF,Smith,Joanne,joanne.smith@example.com,work,FALSE
L2NXS3JN,Cox,Shannon,shannon.cox@globex.net,work,FALSE
HMD4R86Y,Jones,Kelly,kelly.jones@acmecorp.org,work,FALSE
7MFAV4A6,Lewis,Christian,christian.lewis@globex.net,work,FALSE
401PZBAJ,Wilson,Kenneth,kenneth.wilson@inovatech.co,work,FALSE
5AIVKW08,Alvarado,Nicole,nicole.alvarado@inovatech.co,work,FALSE
PLOK1BI5,Crawford,Alejandro,alejandro.crawford@example.com,work,FALSE
YFDQHZ43,Miller,Amy,amy.miller@globex.net,work,FALSE
UFASONYO,Moore,Jeffery,jeffery.moore@example.com,work,FALSE
VWTKW7EM,Moore,Julie,julie.moore@acmecorp.org,work,FALSE
87SUUOTY,Smith,Ashley,ashley.smith@example.com,work,FALSE
YEY4X0ZQ,Ellis,Kendra,kendra.ellis@globex.net,work,FALSE
SR5J9GOG,Pena,George,george.pena@inovatech.co,work,FALSE
PSL0W02O,Gonzales,Jasmine,jasmine.gonzales@example.com,work,FALSE
Y0TZFJL4,Huff,Jocelyn,jocelyn.huff@globex.net,work,FALSE
CTH4MM9N,Smith,Evan,evan.smith@globex.net,work,FALSE
O8R7XHK5,Thomas,Kenneth,kenneth.thomas@acmecorp.org,work,FALSE
AR5RMLOR,Wright,Michael,michael.wright@acmecorp.org,work,FALSE
F1MXBYGY,Liu,Sheila,sheila.liu@example.com,work,FALSE
7Y6SG8N4,Smith,Dylan,dylan.smith@inovatech.co,work,FALSE
FW99ILRV,Hess,Nichole,nichole.hess@inovatech.co,work,FALSE
2YQUILPZ,Pena,Christopher,christopher.pena@acmecorp.org,work,FALSE
OK1SXPLK,Rice,Danielle,danielle.rice@acmecorp.org,work,FALSE
8A500LA0,Gill,Mark,mark.gill@acmecorp.org,work,FALSE
TP9026DB,Smith,Alicia,alicia.smith@acmecorp.org,work,FALSE
JAJ7Y1KY,Warren,Julie,julie.warren@globex.net,work,FALSE
WF2EJCHR,Rivera,James,james.rivera@acmecorp.org,work,FALSE
WBXTAC9C,Grant,Brooke,brooke.grant@inovatech.co,work,FALSE
9T5G4UYX,Hodges,Anna,anna.hodges@acmecorp.org,work,FALSE
NY4MB7RR,Cook,Heather,heather.cook@inovatech.co,work,FALSE
LZMXXRGS,Green,Holly,holly.green@globex.net,work,FALSE
F4LPZCPE,Hayes,James,james.hayes@globex.net,work,FALSE
CRM0SJDD,Buchanan,Nicholas,nicholas.buchanan@inovatech.co,work,FALSE
3KTNMRSX,Chapman,Tracy,tracy.chapman@inovatech.co,work,FALSE
MVP14VXC,Garcia,Hayley,hayley.garcia@acmecorp.org,work,FALSE
MA4VFPKR,Hunter,Jose,jose.hunter@example.com,work,FALSE
MHNS55LD,Jackson,Nicole,nicole.jackson@example.com,work,FALSE
WASYBU9O,Roach,Briana,briana.roach@inovatech.co,work,FALSE
5EN7AKYS,Peters,Jose,jose.peters@inovatech.co,work,FALSE
VGOSC93A,Russo,Christopher,christopher.russo@inovatech.co,work,FALSE
XBE4OBHF,Quinn,Alyssa,alyssa.quinn@acmecorp.org,work,FALSE
VPIGOXQX,Davidson,Laura,laura.davidson@example.com,work,FALSE
Y1T5AW9U,Webb,Michael,michael.webb@globex.net,work,FALSE
RDXXT9DK,Li,Michael,michael.li@acmecorp.org,work,FALSE
T78A00EM,Jones,Brenda,brenda.jones@acmecorp.org,work,FALSE
METAJKQY,Shepherd,Timothy,timothy.shepherd@example.com,work,FALSE
RO99C2TI,Harper,Daniel,daniel.harper@acmecorp.org,work,FALSE
T7X8I0ON,Johnson,Lisa,lisa.johnson@example.com,work,FALSE
WNNXGAVB,Long,Jeffrey,jeffrey.long@globex.net,work,FALSE
43IAJ6LZ,Anderson,Caroline,caroline.anderson@acmecorp.org,work,FALSE
25CBT1MW,Gutierrez,Brandon,brandon.gutierrez@inovatech.co,work,FALSE
F9K59V42,Brennan,Dale,dale.brennan@globex.net,work,FALSE
MB71NJ0Q,Lopez,Crystal,crystal.lopez@inovatech.co,work,FALSE
SYF4PSMM,Berger,Michael,michael.berger@example.com,work,FALSE
0JRWUA7F,Turner,Joshua,joshua.turner@inovatech.co,work,FALSE
QVI156Y4,Chavez,John,john.chavez@inovatech.co,work,FALSE
AIAHXTWW,Jones,Erica,erica.jones@acmecorp.org,work,FALSE
PYAK2O3S,Little,Brandon,brandon.little@example.com,work,FALSE
LBEAHQ0J,Miller,Michael,michael.miller@globex.net,work,FALSE
4N037L9E,Vazquez,Pamela,pamela.vazquez@example.com,work,FALSE
2A3F86T7,Ingram,Danielle,danielle.ingram@acmecorp.org,work,FALSE
D9CKC6MP,Pineda,Lisa,lisa.pineda@example.com,work,FALSE
1ZG43PRL,Williams,Kevin,kevin.williams@acmecorp.org,work,FALSE
1X2UGJYX,Mcintyre,Jessica,jessica.mcintyre@acmecorp.org,work,FALSE
S1SXI1AQ,Leach,Deborah,deborah.leach@globex.net,work,FALSE
UP4SJPEH,Lyons,David,david.lyons@globex.net,work,FALSE
SHDRAU7T,Austin,Aaron,aaron.austin@acmecorp.org,work,FALSE
7K0P8QUP,Swanson,Madeline,madeline.swanson@acmecorp.org,work,FALSE
9NUYNMCA,Norris,Melissa,melissa.norris@globex.net,work,FALSE
CRWRCKQY,Gordon,Austin,austin.gordon@acmecorp.org,work,FALSE
557785J4,Morris,Lori,lori.morris@acmecorp.org,work,FALSE
5BM5QNQ4,Glover,Vincent,vincent.glover@inovatech.co,work,FALSE
SRMR6QHY,Miller,Vickie,vickie.miller@inovatech.co,work,FALSE
TZDJH2YG,Pittman,Robert,robert.pittman@acmecorp.org,work,FALSE
IFE05YJM,Pitts,Amber,amber.pitts@inovatech.co,work,FALSE
BR0E3V0I,Smith,Donald,donald.smith@globex.net,work,FALSE
PYD17I9A,Espinoza,Kim,kim.espinoza@inovatech.co,work,FALSE
UX93U15O,Lowe,Ruth,ruth.lowe@globex.net,work,FALSE
8I41LEG3,Weaver,Courtney,courtney.weaver@example.com,work,FALSE
QL6IGND3,Hunter,Kerri,kerri.hunter@acmecorp.org,work,FALSE
XSR3GBZN,Harrington,Robert,robert.harrington@acmecorp.org,work,FALSE
LVZ1Z3MH,Mathis,Vanessa,vanessa.mathis@globex.net,work,FALSE
4RJNZB54,Mcconnell,Carolyn,carolyn.mcconnell@acmecorp.org,work,FALSE
V0YPBHXA,Mcbride,Timothy,timothy.mcbride@example.com,work,FALSE
SZD4LHYP,Jackson,Michael,michael.jackson@example.com,work,FALSE
J6GNHL6D,Hughes,Megan,megan.hughes@globex.net,work,FALSE
JAFKOM7M,Bell,Paul,paul.bell@inovatech.co,work,FALSE
4CU46CCV,Johnson,Christine,christine.johnson@inovatech.co,work,FALSE
QL9P82M7,Edwards,Timothy,timothy.edwards@globex.net,work,FALSE
1U60JHJT,Barnes,Tammy,tammy.barnes@acmecorp.org,work,FALSE
PVQLVCDX,Schwartz,Kevin,kevin.schwartz@globex.net,work,FALSE
TOI79TSS,Rivers,Mary,mary.rivers@inovatech.co,work,FALSE
1FFNMKM9,Evans,Melinda,melinda.evans@inovatech.co,work,FALSE
3NM55O50,Arellano,Sarah,sarah.arellano@inovatech.co,work,FALSE
AZQCPIVW,Johnson,Jimmy,jimmy.johnson@acmecorp.org,work,FALSE
QL2W1K9Q,Graham,Whitney,whitney.graham@globex.net,work,FALSE
RTQEYYSQ,Romero,Taylor,taylor.romero@inovatech.co,work,FALSE
6B3ZUJ2W,Compton,Timothy,timothy.compton@acmecorp.org,work,FALSE
QWPYRCDG,Briggs,Aaron,aaron.briggs@acmecorp.org,work,FALSE
5WKHZQAG,Bailey,George,george.bailey@inovatech.co,work,FALSE
LTZNIPIQ,Green,Jamie,jamie.green@inovatech.co,work,FALSE
JDM0W2A6,Jackson,John,john.jackson@inovatech.co,work,FALSE
DC2NCG14,Massey,Kathleen,kathleen.massey@example.com,work,FALSE
H223KFRE,Weber,Robin,robin.weber@globex.net,work,FALSE
SL9R5I3C,Valentine,Danielle,danielle.valentine@globex.net,work,FALSE
OUU6F6OD,Davis,Bonnie,bonnie.davis@inovatech.co,work,FALSE
LBSWTQY0,Lewis,Jeffrey,jeffrey.lewis@acmecorp.org,work,FALSE
RHCR5K8H,Fitzpatrick,Matthew,matthew.fitzpatrick@acmecorp.org,work,FALSE
PP9D040S,Espinoza,Phillip,phillip.espinoza@example.com,work,FALSE
1226ZNGH,Brooks,Kendra,kendra.brooks@globex.net,work,FALSE
NY1I4LKI,Johnston,Melanie,melanie.johnston@example.com,work,FALSE
670Y1CEC,Miller,Margaret,margaret.miller@globex.net,work,FALSE
PZSZ857U,Duncan,David,david.duncan@example.com,work,FALSE
PMGR1CBM,Sawyer,Tyler,tyler.sawyer@example.com,work,FALSE
I9J905HZ,Mack,Douglas,douglas.mack@globex.net,work,FALSE
A1XTYFG5,Riley,Tara,tara.riley@example.com,work,FALSE
935SB9Q3,Lopez,Amanda,amanda.lopez@acmecorp.org,work,FALSE
0ZH5JKE3,Fuentes,Thomas,thomas.fuentes@example.com,work,FALSE
0MTXIH1W,Walls,Scott,scott.walls@example.com,work,FALSE
SIEGHUTF,Rice,Brett,brett.rice@example.com,work,FALSE
8CGTZ1QW,Hall,Ashley,ashley.hall@globex.net,work,FALSE
PU4C3VKE,Moran,Christopher,christopher.moran@globex.net,work,FALSE
Q1WQDXWI,Taylor,Jesse,jesse.taylor@example.com,work,FALSE
HJ094PM7,Bryant,Paul,paul.bryant@globex.net,work,FALSE
ANSLE6HZ,Smith,Daniel,daniel.smith@inovatech.co,work,FALSE
QWY1ML81,Hill,David,david.hill@example.com,work,FALSE
HBKR56C1,Garcia,Jessica,jessica.garcia@acmecorp.org,work,FALSE
ZKSRXH98,Rosales,Wendy,wendy.rosales@acmecorp.org,work,FALSE
CJLB97D9,Alexander,Kimberly,kimberly.alexander@inovatech.co,work,FALSE
GEWYUT6T,Long,Christopher,christopher.long@globex.net,work,FALSE
AYHGJ314,Tyler,Jamie,jamie.tyler@globex.net,work,FALSE
7KRB5EC5,Brown,Kevin,kevin.brown@example.com,work,FALSE
DJKOQ65P,Hill,Mary,mary.hill@globex.net,work,FALSE
CNA3WNQ0,Richardson,Patrick,patrick.richardson@acmecorp.org,work,FALSE
GI7N6SS8,Williams,Christopher,christopher.williams@inovatech.co,work,FALSE
CYO4H9CC,White,Rachel,rachel.white@acmecorp.org,work,FALSE
7N6ZPU97,Delacruz,Sandra,sandra.delacruz@inovatech.co,work,FALSE
AEYYJZIX,Clark,Michele,michele.clark@acmecorp.org,work,FALSE
IG8VMRW0,Cherry,Anthony,anthony.cherry@inovatech.co,work,FALSE
EQEUJ18Q,Johnson,Ashley,ashley.johnson@example.com,work,FALSE
27KH8XPJ,Evans,Amanda,amanda.evans@acmecorp.org,work,FALSE
8IOFT34U,Williams,Noah,noah.williams@acmecorp.org,work,FALSE
QWR1IKLM,Gordon,Charles,charles.gordon@example.com,work,FALSE
13ZZH19T,Martin,Andrew,andrew.martin@inovatech.co,work,FALSE
N3DLCR60,Parks,Michelle,michelle.parks@acmecorp.org,work,FALSE
0RYPY6G2,Hardy,Lisa,lisa.hardy@example.com,work,FALSE
O27G884F,Fowler,Elizabeth,elizabeth.fowler@globex.net,work,FALSE
EWLLEXKM,Morse,William,william.morse@example.com,work,FALSE
H96UXP70,Gentry,Cody,cody.gentry@example.com,work,FALSE
4JBP2Z0I,Figueroa,Sheila,sheila.figueroa@acmecorp.org,work,FALSE
HMP2BUAI,Wright,Kimberly,kimberly.wright@acmecorp.org,work,FALSE
L9BEEP8I,Rowe,Kevin,kevin.rowe@inovatech.co,work,FALSE
1UIQ08BW,Blair,Ryan,ryan.blair@globex.net,work,FALSE
7DQHC0O7,Sherman,Marc,marc.sherman@globex.net,work,FALSE
SGFE3O45,Odonnell,Amanda,amanda.odonnell@globex.net,work,FALSE
OQHKGSB0,Long,Robert,robert.long1@inovatech.co,work,FALSE
60TI22PU,Ortega,Diane,diane.ortega@globex.net,work,FALSE
WLOPTN8R,Holt,Matthew,matthew.holt@globex.net,work,FALSE
VHTKGRV8,Gates,Jonathan,jonathan.gates@globex.net,work,FALSE
QTHN8UFH,Williams,Stanley,stanley.williams@acmecorp.org,work,FALSE
X1GXUEVP,Cardenas,Shannon,shannon.cardenas@globex.net,work,FALSE
4625BT5A,Morris,Belinda,belinda.morris@inovatech.co,work,FALSE
BPM536WJ,Bishop,Matthew,matthew.bishop@globex.net,work,FALSE
02R91LTA,Wells,Kenneth,kenneth.wells@globex.net,work,FALSE
X84LLXK5,West,Scott,scott.west@inovatech.co,work,FALSE
GXLPPO1H,Thomas,Rachael,rachael.thomas@inovatech.co,work,FALSE
9V3QJBU3,Mcconnell,Darius,darius.mcconnell@inovatech.co,work,FALSE
2IWOEDDR,Kennedy,Gregory,gregory.kennedy@example.com,work,FALSE
CW7W6X1O,Palmer,Christina,christina.palmer@globex.net,work,FALSE
EOW4J39Z,Gonzalez,Darren,darren.gonzalez@inovatech.co,work,FALSE
SLK761Y8,Lewis,Aaron,aaron.lewis@example.com,work,FALSE
4528SWHQ,Jones,Nathan,nathan.jones@globex.net,work,FALSE
QFG8OVIW,Snyder,Michael,michael.snyder@globex.net,work,FALSE
PDGKKVJC,Hinton,Robert,robert.hinton@globex.net,work,FALSE
UE9ZETUR,Bernard,Yolanda,yolanda.bernard@inovatech.co,work,FALSE
H3EBZT0X,Medina,Michelle,michelle.medina@inovatech.co,work,FALSE
JAZDP664,Guzman,Erin,erin.guzman@example.com,work,FALSE
7H9A0I3R,Hebert,Todd,todd.hebert@acmecorp.org,work,FALSE
JNDLEJAJ,Orr,Dana,dana.orr@inovatech.co,work,FALSE
8L0AFJ0G,Crawford,Sharon,sharon.crawford@acmecorp.org,work,FALSE
QAUPPQU8,Stone,Robert,robert.stone@acmecorp.org,work,FALSE
VFSZP25E,Mccoy,Shawn,shawn.mccoy@inovatech.co,work,FALSE
3HSJC390,Bruce,Christopher,christopher.bruce@example.com,work,FALSE
NZDON85I,Perez,Timothy,timothy.perez@globex.net,work,FALSE
XXZBALMO,Smith,Joseph,joseph.smith@example.com,work,FALSE
J33EIQSY,Gillespie,Lucas,lucas.gillespie@acmecorp.org,work,FALSE
VWQXW4TT,Smith,Justin,justin.smith@acmecorp.org,work,FALSE
LMHT6LRX,Shelton,Selena,selena.shelton@example.com,work,FALSE
QDMDU3MA,Gibson,Theresa,theresa.gibson@example.com,work,FALSE
AUZ7ET4N,Douglas,Margaret,margaret.douglas@globex.net,work,FALSE
F4XGWPID,Calhoun,Judith,judith.calhoun@acmecorp.org,work,FALSE
6HRTYP19,Norton,Kristina,kristina.norton@acmecorp.org,work,FALSE
KKGMZK8M,Perry,Gregory,gregory.perry@example.com,work,FALSE
8OC2TMAR,Bartlett,Stephen,stephen.bartlett@acmecorp.org,work,FALSE
1YB5AZF5,Smith,Jennifer,jennifer.smith@example.com,work,FALSE
BIRK36OK,Richardson,Joseph,joseph.richardson@example.com,work,FALSE
Q5300SB6,George,Thomas,thomas.george@acmecorp.org,work,FALSE
E3JFRMU0,Smith,Katrina,katrina.smith@example.com,work,FALSE
EW84ZENH,Bailey,Crystal,crystal.bailey@example.com,work,FALSE
X3YFYLPS,Bailey,Charles,charles.bailey@acmecorp.org,work,FALSE
JL0G7P7P,Yoder,Monica,monica.yoder@acmecorp.org,work,FALSE
1WCOLWOX,Johns,Michelle,michelle.johns@globex.net,work,FALSE
JA64MSNQ,Mann,Diana,diana.mann@inovatech.co,work,FALSE
SC6NPXZE,Boyd,Allen,allen.boyd@example.com,work,FALSE
Q6G59BGP,Lopez,Elizabeth,elizabeth.lopez@acmecorp.org,work,FALSE
9O70R0X3,Melendez,John,john.melendez@globex.net,work,FALSE
50TMSAV4,Hines,Jerry,jerry.hines@globex.net,work,FALSE
9QWQMD86,Holmes,Dominique,dominique.holmes@inovatech.co,work,FALSE
0NZGGYYC,Thompson,Brian,brian.thompson@example.com,work,FALSE
46EWVA82,Gilbert,Gregg,gregg.gilbert@example.com,work,FALSE
QB7BH4XE,Vasquez,Gary,gary.vasquez@inovatech.co,work,FALSE
WZWFUNG2,Vargas,Matthew,matthew.vargas@globex.net,work,FALSE
NMLJEW39,Obrien,Bradley,bradley.obrien@inovatech.co,work,FALSE
24S1N5ES,Vaughan,Laura,laura.vaughan@globex.net,work,FALSE
055KCWAM,Keller,Chelsea,chelsea.keller@acmecorp.org,work,FALSE
JCWO5B3M,Castillo,Jason,jason.castillo@example.com,work,FALSE
AONAS156,Jacobs,William,william.jacobs@inovatech.co,work,FALSE
JWA0ZAT6,Scott,Gregory,gregory.scott@example.com,work,FALSE
9P3SSIL4,Tate,Tanya,tanya.tate@acmecorp.org,work,FALSE
3G5IJZP9,Lynch,Amanda,amanda.lynch@inovatech.co,work,FALSE
56L3YNYP,Banks,Olivia,olivia.banks@acmecorp.org,work,FALSE
ROMJZD56,Rodriguez,Adriana,adriana.rodriguez@example.com,work,FALSE
NW0CCNG0,Juarez,Sandra,sandra.juarez@inovatech.co,work,FALSE
QFLBN2MA,Benson,Derrick,derrick.benson@example.com,work,FALSE
387V7JQ9,Dixon,Yvonne,yvonne.dixon@globex.net,work,FALSE
RY27RVKV,Robles,Diane,diane.robles@acmecorp.org,work,FALSE
O1ZN8EOM,Jones,Alison,alison.jones@acmecorp.org,work,FALSE
S1ICVCP9,Smith,Dustin,dustin.smith@acmecorp.org,work,FALSE
7Y8PKWFA,Smith,Cheryl,cheryl.smith@globex.net,work,FALSE
Z0IWY0OY,Morrison,Valerie,valerie.morrison@example.com,work,FALSE
JCMGOM22,Salinas,Aaron,aaron.salinas@globex.net,work,FALSE
YR59AEXO,Elliott,William,william.elliott@inovatech.co,work,FALSE
4KMCYMKX,Medina,Matthew,matthew.medina@globex.net,work,FALSE
E3U9G1GV,Crawford,Michael,michael.crawford@globex.net,work,FALSE
N92Q4A45,Woods,Ian,ian.woods@acmecorp.org,work,FALSE
D6SKYV2G,Rose,Stacy,stacy.rose@globex.net,work,FALSE
O59WFUY2,Henderson,Eric,eric.henderson@globex.net,work,FALSE
DITLJKN1,Levy,Teresa,teresa.levy@inovatech.co,work,FALSE
UTUB6XXO,French,Margaret,margaret.french@example.com,work,FALSE
9QKYYM2R,Odom,David,david.odom@inovatech.co,work,FALSE
BXEFCFH6,Cook,Christopher,christopher.cook@acmecorp.org,work,FALSE
6XSBB7TP,Anthony,Bryan,bryan.anthony@example.com,work,FALSE
KYGLW1FY,Smith,Madison,madison.smith@example.com,work,FALSE
4ETSZ5LE,Krueger,Ruth,ruth.krueger@inovatech.co,work,FALSE
LXCULG6O,Melendez,Scott,scott.melendez@acmecorp.org,work,FALSE
F5LCX7I5,Mendez,Jeffrey,jeffrey.mendez@globex.net,work,FALSE
YVY1OMFI,Richard,Elizabeth,elizabeth.richard@globex.net,work,FALSE
EYQ74OL6,Lee,Jacob,jacob.lee@example.com,work,FALSE
WXKK8HFI,Parker,Valerie,valerie.parker@inovatech.co,work,FALSE
3I8HVV3T,Farrell,Lauren,lauren.farrell@globex.net,work,FALSE
9ZADW5S6,Garner,Mario,mario.garner@acmecorp.org,work,FALSE
75TLCOG9,Moore,Jeffrey,jeffrey.moore@inovatech.co,work,FALSE
NLOHSC09,Williams,Leslie,leslie.williams@inovatech.co,work,FALSE
BWX8LV49,Wood,Cindy,cindy.wood@globex.net,work,FALSE
QDKGM044,Morris,Theresa,theresa.morris@example.com,work,FALSE
WMESQZ93,Ellison,Dana,dana.ellison@globex.net,work,FALSE
YXMBRKJE,Smith,Matthew,matthew.smith@example.com,work,FALSE
K20H3MPO,Ruiz,Anthony,anthony.ruiz@acmecorp.org,work,FALSE
EWHYK5P7,Bolton,Wesley,wesley.bolton@example.com,work,FALSE
W7ULAUDD,Lowe,Mary,mary.lowe@globex.net,work,FALSE
YCYBWNB2,Powell,Lauren,lauren.powell@inovatech.co,work,FALSE
6ATM9AN2,Holland,Trevor,trevor.holland@example.com,work,FALSE
441QRR25,Harper,Mark,mark.harper@example.com,work,FALSE
UAHG993E,Hernandez,Veronica,veronica.hernandez@inovatech.co,work,FALSE
7H54O4BT,Austin,Steven,steven.austin@acmecorp.org,work,FALSE
HC29KT60,Pineda,Ronnie,ronnie.pineda@inovatech.co,work,FALSE
VB6ZU2RB,Barber,Michelle,michelle.barber@globex.net,work,FALSE
MXK4I6KG,Fox,Nathan,nathan.fox@inovatech.co,work,FALSE
1IULMC1V,Dunlap,David,david.dunlap@globex.net,work,FALSE
RCH35V1X,Conner,Helen,helen.conner@inovatech.co,work,FALSE
W8JVX298,Anderson,Matthew,matthew.anderson@globex.net,work,FALSE
QKVYZYOF,Knapp,Jennifer,jennifer.knapp@example.com,work,FALSE
WBKHHXBE,Schroeder,Michael,michael.schroeder@acmecorp.org,work,FALSE
2DBZJTBT,Spencer,Charles,charles.spencer@inovatech.co,work,FALSE
22MPMSAN,Foster,Kelsey,kelsey.foster@inovatech.co,work,FALSE
UTAWS0KU,Jackson,Daniel,daniel.jackson@inovatech.co,work,FALSE
WE7ZB8JD,Montgomery,Cynthia,cynthia.montgomery@inovatech.co,work,FALSE
EE9LTODQ,Davis,Leslie,leslie.davis@example.com,work,FALSE
Z8WHS76L,Lamb,Jeffrey,jeffrey.lamb@globex.net,work,FALSE
106P8L6H,Johnston,Laura,laura.johnston@acmecorp.org,work,FALSE
J0M9P6GY,Nelson,Rachel,rachel.nelson@inovatech.co,work,FALSE
NT3J1WHZ,Leonard,Tyler,tyler.leonard@globex.net,work,FALSE
ZNN1HGS6,Peterson,Linda,linda.peterson@globex.net,work,FALSE
PQEI77WG,Lang,Alexis,alexis.lang@acmecorp.org,work,FALSE
TDJG88F3,Shaw,Kimberly,kimberly.shaw@globex.net,work,FALSE
FHX9ISR4,Gomez,Patrick,patrick.gomez@example.com,work,FALSE
N26Z0HHV,Parker,Erin,erin.parker@inovatech.co,work,FALSE
0YWBGIB4,Mcgee,Michael,michael.mcgee@example.com,work,FALSE
FJ0M6XD1,Leonard,Linda,linda.leonard@inovatech.co,work,FALSE
HD8GG0KY,Hill,Cameron,cameron.hill@globex.net,work,FALSE
TDCDHXFV,Pope,Brandon,brandon.pope@globex.net,work,FALSE
J1R0YVOV,Buchanan,Crystal,crystal.buchanan@example.com,work,FALSE
SZWUUWYJ,Anderson,Kathryn,kathryn.anderson@acmecorp.org,work,FALSE
NQRS8TND,Reynolds,Abigail,abigail.reynolds@inovatech.co,work,FALSE
MSKNZJHA,Gardner,Anthony,anthony.gardner@inovatech.co,work,FALSE
9XNQ9WNV,Nelson,Daniel,daniel.nelson@acmecorp.org,work,FALSE
5GGHC34M,Mcdonald,Jason,jason.mcdonald@acmecorp.org,work,FALSE
ICQF8XP7,Wall,Karen,karen.wall@acmecorp.org,work,FALSE
HMD3K0X0,Pearson,Roger,roger.pearson@inovatech.co,work,FALSE
RDY307SH,Rodriguez,Deanna,deanna.rodriguez@example.com,work,FALSE
BKEBHII8,Jackson,Jesse,jesse.jackson@inovatech.co,work,FALSE
NZSG8SC4,Benson,Jessica,jessica.benson@inovatech.co,work,FALSE
QEU52SZN,Warren,Johnny,johnny.warren@inovatech.co,work,FALSE
M0R3CU3Z,Richardson,Stephanie,stephanie.richardson@acmecorp.org,work,FALSE
U4JIR7LD,Morales,Christopher,christopher.morales@globex.net,work,FALSE
I7Y96B20,Ramirez,Mark,mark.ramirez@globex.net,work,FALSE
KH0NEY7R,Bryan,Zoe,zoe.bryan@globex.net,work,FALSE
UF8NL8TN,Thomas,Angela,angela.thomas@inovatech.co,work,FALSE
KAPIFP1J,King,Robert,robert.king@example.com,work,FALSE
CYMEZXQF,Parks,Harry,harry.parks@globex.net,work,FALSE
OG6ODDZG,Garcia,Jodi,jodi.garcia@example.com,work,FALSE
WUW0J58H,Hughes,Sarah,sarah.hughes@example.com,work,FALSE
HIDZZXU7,Armstrong,Madeline,madeline.armstrong@example.com,work,FALSE
W6CPD8ME,Baker,Thomas,thomas.baker@globex.net,work,FALSE
C2J8S0BV,Miller,Keith,keith.miller@acmecorp.org,work,FALSE
O8V0AWEO,Myers,David,david.myers@acmecorp.org,work,FALSE
0YIR03CT,Brown,Thomas,thomas.brown@example.com,work,FALSE
OZK55CM0,Moore,Darren,darren.moore@inovatech.co,work,FALSE
2JY7EE96,Taylor,Kevin,kevin.taylor@acmecorp.org,work,FALSE
F4WH2TYQ,Dunn,Steven,steven.dunn@inovatech.co,work,FALSE
QF755R7Y,Dorsey,Roberto,roberto.dorsey@inovatech.co,work,FALSE
JHW74G3C,Huynh,Robert,robert.huynh@globex.net,work,FALSE
1RV8UBF9,Perez,Rhonda,rhonda.perez@inovatech.co,work,FALSE
9MR3SX4C,Davis,Laurie,laurie.davis@globex.net,work,FALSE
ZJ67SC4L,Meyers,Sean,sean.meyers@acmecorp.org,work,FALSE
FHNXN39T,Woods,Laura,laura.woods@globex.net,work,FALSE
74SLZRWM,Jackson,George,george.jackson@globex.net,work,FALSE
2Y21FA4E,Serrano,Claudia,claudia.serrano@example.com,work,FALSE
HPY28WM7,Clark,Lauren,lauren.clark@inovatech.co,work,FALSE
2BHGY6O5,Ball,George,george.ball@example.com,work,FALSE
VRXEY7KZ,Taylor,Steve,steve.taylor@acmecorp.org,work,FALSE
I1CUTRQJ,Ward,Matthew,matthew.ward@globex.net,work,FALSE
FIAOZXKD,Chandler,Tony,tony.chandler@example.com,work,FALSE
9LOYH1J4,Wells,Monica,monica.wells@globex.net,work,FALSE
Q3IAQ21C,Campbell,Joan,joan.campbell@inovatech.co,work,FALSE
XJBOPWRG,Wong,Dawn,dawn.wong@inovatech.co,work,FALSE
QWNOJ1DK,Bradshaw,Yvonne,yvonne.bradshaw@example.com,work,FALSE
CZNTTR8U,Vega,Danielle,danielle.vega@example.com,work,FALSE
YHXS06RD,Davis,Sharon,sharon.davis@example.com,work,FALSE
O2BP420O,Hensley,Alexis,alexis.hensley@inovatech.co,work,FALSE
6IX11F2D,Lam,Billy,billy.lam@acmecorp.org,work,FALSE
O0M6UF5P,Thompson,Vanessa,vanessa.thompson@acmecorp.org,work,FALSE
B1E2P72L,Walters,John,john.walters@inovatech.co,work,FALSE
LXTOA44D,Castaneda,Lindsey,lindsey.castaneda@example.com,work,FALSE
FTQI5ZMA,Palmer,Amy,amy.palmer@example.com,work,FALSE
Q4Z4DEBV,Parker,Joseph,joseph.parker@inovatech.co,work,FALSE
5VZARKCG,Richardson,Bridget,bridget.richardson@example.com,work,FALSE
ZY8W7Z10,Boyer,Devin,devin.boyer@globex.net,work,FALSE
MNP2BXBD,Frank,Duane,duane.frank@globex.net,work,FALSE
RB06ZVCN,Hall,Connie,connie.hall@inovatech.co,work,FALSE
N4OCYG61,Garcia,James,james.garcia@acmecorp.org,work,FALSE
ZL0ZF9HU,Thomas,Max,max.thomas@example.com,work,FALSE
J2SQB3O0,Evans,Eric,eric.evans@globex.net,work,FALSE
Q0998EES,Garcia,Amy,amy.garcia@example.com,work,FALSE
XLECSEJB,Chen,William,william.chen@inovatech.co,work,FALSE
USC5O2VU,Henderson,Todd,todd.henderson@globex.net,work,FALSE
YMWT8DSX,Black,Richard,richard.black@example.com,work,FALSE
D5L5VZ71,Banks,Stephanie,stephanie.banks@example.com,work,FALSE
W846WWQO,Bush,Shelby,shelby.bush@inovatech.co,work,FALSE
0ZKQ271Y,Allen,Shannon,shannon.allen@inovatech.co,work,FALSE
HEK2GD10,Manning,Vincent,vincent.manning@globex.net,work,FALSE
X19QCTNZ,Arellano,Jonathan,jonathan.arellano@globex.net,work,FALSE
QKERUBXD,Cole,Laura,laura.cole@acmecorp.org,work,FALSE
3A6T7Z68,Hunter,Jessica,jessica.hunter@globex.net,work,FALSE
TDW4M2F3,Griffith,Cindy,cindy.griffith@acmecorp.org,work,FALSE
4BGWYZNK,Norman,Tina,tina.norman@acmecorp.org,work,FALSE
6EGDJ6AS,Salas,Jennifer,jennifer.salas@inovatech.co,work,FALSE
FSDMYWEQ,Curry,Tyler,tyler.curry@acmecorp.org,work,FALSE
6VH060ZB,Williams,Teresa,teresa.williams@example.com,work,FALSE
WWAYNQVI,Powell,Joshua,joshua.powell@globex.net,work,FALSE
YNQKJ5T9,Jones,Alexis,alexis.jones@acmecorp.org,work,FALSE
MMOCJOB4,Fisher,Tiffany,tiffany.fisher@globex.net,work,FALSE
FNSOO8U3,Gardner,Deborah,deborah.gardner@globex.net,work,FALSE
ZIRQCCKY,Beasley,Derrick,derrick.beasley@acmecorp.org,work,FALSE
EP4EM2WU,Lee,Desiree,desiree.lee@globex.net,work,FALSE
Q9UDPNGL,Cortez,Rebekah,rebekah.cortez@example.com,work,FALSE
Q15L70Q4,Stewart,Michael,michael.stewart@example.com,work,FALSE
UCC0SV5V,Scott,David,david.scott@example.com,work,FALSE
XF2I0CSN,Wright,Robert,robert.wright@globex.net,work,FALSE
THE3U7C5,Holloway,Nicole,nicole.holloway@example.com,work,FALSE
PJHP1QQH,Griffin,Bryce,bryce.griffin@acmecorp.org,work,FALSE
VS567R5E,Knight,Amanda,amanda.knight@inovatech.co,work,FALSE
Y7CJEXP9,Hutchinson,Jason,jason.hutchinson@globex.net,work,FALSE
D1C2W6OQ,House,Jeffrey,jeffrey.house@acmecorp.org,work,FALSE
KXZ6LC6R,Austin,Christopher,christopher.austin@inovatech.co,work,FALSE
P3DMELD1,Garcia,Guy,guy.garcia@example.com,work,FALSE
85XMOTDT,Guerra,Daniel,daniel.guerra@globex.net,work,FALSE
BX94BVWL,Smith,Audrey,audrey.smith@inovatech.co,work,FALSE
KFYMDF7G,Parker,Mary,mary.parker@example.com,work,FALSE
L0UOI8ZM,Davis,Lauren,lauren.davis@acmecorp.org,work,FALSE
IJQ9KFPP,Ramirez,Ethan,ethan.ramirez@example.com,work,FALSE
Y2YT67W9,Rodriguez,Henry,henry.rodriguez@inovatech.co,work,FALSE
EGTPHV26,Peterson,Jeanette,jeanette.peterson@example.com,work,FALSE
6DJ7YLR9,Lin,Shelby,shelby.lin@inovatech.co,work,FALSE
2PPMJ79V,Brown,Laurie,laurie.brown@globex.net,work,FALSE
3NQ34M2T,Aguirre,Daniel,daniel.aguirre@acmecorp.org,work,FALSE
YBLZ2L40,Hall,Christian,christian.hall@example.com,work,FALSE
P8WWPDEN,Morrison,Alexandra,alexandra.morrison@acmecorp.org,work,FALSE
KQZZ815R,Solomon,Christine,christine.solomon@example.com,work,FALSE
EUZNBC4C,Gutierrez,Kim,kim.gutierrez@inovatech.co,work,FALSE
ZGN0XGAH,Mckinney,Kyle,kyle.mckinney@acmecorp.org,work,FALSE
AJ4RLK1V,Wilson,Kristi,kristi.wilson@acmecorp.org,work,FALSE
KTOQDLDB,Harris,Courtney,courtney.harris@inovatech.co,work,FALSE
3VGAYBWH,Neal,Richard,richard.neal@example.com,work,FALSE
JMQN63D6,Medina,Joseph,joseph.medina@example.com,work,FALSE
HSDP9K5J,Townsend,Tom,tom.townsend@acmecorp.org,work,FALSE
ZGC0YNM2,Brock,Gregory,gregory.brock@acmecorp.org,work,FALSE
S37DVGWA,Fernandez,James,james.fernandez@globex.net,work,FALSE
UPYLX3RI,Harvey,Brady,brady.harvey@globex.net,work,FALSE
FZI4SQN8,Hernandez,Amanda,amanda.hernandez@globex.net,work,FALSE
O8OV1SJO,Lopez,Tara,tara.lopez@acmecorp.org,work,FALSE
HBX8M4TA,Lynn,Alicia,alicia.lynn@example.com,work,FALSE
ILDSH2UB,Jones,Jorge,jorge.jones@example.com,work,FALSE
4A63AWKI,Robinson,Jacqueline,jacqueline.robinson@inovatech.co,work,FALSE
UOHGV1XF,Collins,Trevor,trevor.collins@inovatech.co,work,FALSE
OF9LDR0R,Tucker,Jeffery,jeffery.tucker@inovatech.co,work,FALSE
EIGK8RD8,Spears,Rebecca,rebecca.spears@globex.net,work,FALSE
4JLA17XV,Baldwin,Brittany,brittany.baldwin@example.com,work,FALSE
DFYYQ2BU,Jimenez,Brandon,brandon.jimenez@globex.net,work,FALSE
XWHJFVBO,Long,Megan,megan.long@inovatech.co,work,FALSE
JQE1B7JI,Wilson,Erik,erik.wilson@inovatech.co,work,FALSE
143Q7XSY,Hutchinson,Kelly,kelly.hutchinson@globex.net,work,FALSE
GCUUGK8I,Cox,Thomas,thomas.cox@acmecorp.org,work,FALSE
OGE083PG,Hill,Kenneth,kenneth.hill@acmecorp.org,work,FALSE
T3YRM6RF,Black,Erica,erica.black@example.com,work,FALSE
03TN0VFU,Johnson,Albert,albert.johnson@inovatech.co,work,FALSE
O4HEB4D6,Burnett,Barbara,barbara.burnett@example.com,work,FALSE
EMMAIY2S,Perkins,Kimberly,kimberly.perkins@example.com,work,FALSE
XEPDVUE5,Jimenez,Brian,brian.jimenez@globex.net,work,FALSE
KBP2FCNB,Mclean,Nicole,nicole.mclean@inovatech.co,work,FALSE
IKAX9VWM,Reyes,Alan,alan.reyes@inovatech.co,work,FALSE
YKNXXESZ,Simmons,Desiree,desiree.simmons@inovatech.co,work,FALSE
992GO736,Singh,Eric,eric.singh@inovatech.co,work,FALSE
6E24UETC,Adams,Samuel,samuel.adams@inovatech.co,work,FALSE
HGQ576TV,Haynes,Alexis,alexis.haynes@inovatech.co,work,FALSE
N0GGB5WJ,Stewart,Ashley,ashley.stewart@globex.net,work,FALSE
SLZGITIX,Ashley,Samantha,samantha.ashley@example.com,work,FALSE
EL8CYBTC,Holmes,Kevin,kevin.holmes@inovatech.co,work,FALSE
NIZQIZR7,Copeland,Monica,monica.copeland@globex.net,work,FALSE
DK4R7ULE,May,Krista,krista.may@globex.net,work,FALSE
IWP5IAHE,Ramirez,Aaron,aaron.ramirez@globex.net,work,FALSE
1WU0IKUZ,Warner,Monica,monica.warner@acmecorp.org,work,FALSE
8ZZJF2RN,Huang,Margaret,margaret.huang@acmecorp.org,work,FALSE
HIWFRIXY,Frank,Regina,regina.frank@example.com,work,FALSE
7S0EM2MK,Huff,Maria,maria.huff@globex.net,work,FALSE
TVMY5XJC,Nguyen,Michael,michael.nguyen@example.com,work,FALSE
UZ1YS3XB,Martinez,Courtney,courtney.martinez@globex.net,work,FALSE
731DVYDT,Espinoza,Taylor,taylor.espinoza@acmecorp.org,work,FALSE
24WQTFGB,Ortega,Joshua,joshua.ortega@acmecorp.org,work,FALSE
FSQTSNZY,Cummings,Aaron,aaron.cummings@acmecorp.org,work,FALSE
OQXDLJNU,Wood,John,john.wood@inovatech.co,work,FALSE
VNQRTW2V,Cabrera,Diana,diana.cabrera@acmecorp.org,work,FALSE
XKJ731FT,Henson,Michael,michael.henson@acmecorp.org,work,FALSE
YX9OBB3G,Adkins,David,david.adkins@inovatech.co,work,FALSE
HCG3KU0H,Wilson,Jerome,jerome.wilson@globex.net,work,FALSE
MCBL5ZP0,Campos,Molly,molly.campos@example.com,work,FALSE
P6QZVP0I,Holmes,Micheal,micheal.holmes@globex.net,work,FALSE
E3HEUW26,Neal,Jesus,jesus.neal@globex.net,work,FALSE
K1X99JK4,Webb,Robyn,robyn.webb@acmecorp.org,work,FALSE
YKVGVZ2C,Williams,Daniel,daniel.williams@globex.net,work,FALSE
1QIKAQIF,White,Emma,emma.white@example.com,work,FALSE
17YLCN1X,Henson,Peter,peter.henson@example.com,work,FALSE
EESYJT8I,Glass,Daniel,daniel.glass@example.com,work,FALSE
FP3DOXOX,Ortega,Scott,scott.ortega@acmecorp.org,work,FALSE
XQO34F2V,Pope,Jeffrey,jeffrey.pope@inovatech.co,work,FALSE
BZP6VCVH,Gonzalez,Lisa,lisa.gonzalez@globex.net,work,FALSE
W6IJ2377,Rodriguez,Michael,michael.rodriguez@acmecorp.org,work,FALSE
ESZ6AMWY,Ramsey,Kathryn,kathryn.ramsey@globex.net,work,FALSE
SDGMOFQP,Williams,Holly,holly.williams@acmecorp.org,work,FALSE
ACERX2KH,Rosales,Tim,tim.rosales@acmecorp.org,work,FALSE
BOEBFI0W,Krause,Tracy,tracy.krause@inovatech.co,work,FALSE
6ZKKXEDN,Hodge,Ashley,ashley.hodge@globex.net,work,FALSE
9YJP7HPK,Rios,Robert,robert.rios@acmecorp.org,work,FALSE
NEGYX4GQ,Watson,Tina,tina.watson@acmecorp.org,work,FALSE
CHS35DQT,Roberts,Frances,frances.roberts@example.com,work,FALSE
NRCR8YEO,Gomez,Marie,marie.gomez@acmecorp.org,work,FALSE
UABDPCG3,Velazquez,Andrea,andrea.velazquez@inovatech.co,work,FALSE
M5NRCF2V,Shaw,Lisa,lisa.shaw@globex.net,work,FALSE
J3ZFVQYC,Nelson,Kimberly,kimberly.nelson@example.com,work,FALSE
131NN3OA,Garcia,Barbara,barbara.garcia@acmecorp.org,work,FALSE
LSKIP9MI,Hanson,Julia,julia.hanson@globex.net,work,FALSE
I0JWT3SJ,Garrett,George,george.garrett@example.com,work,FALSE
L0PI11ZQ,Brown,Ryan,ryan.brown@acmecorp.org,work,FALSE
5S91O9E9,Mccoy,Desiree,desiree.mccoy@globex.net,work,FALSE
VJOHX1HN,Hughes,Nancy,nancy.hughes@example.com,work,FALSE
K9ZROA77,Frey,Jaime,jaime.frey@inovatech.co,work,FALSE
9C7TBMNZ,Powell,Eric,eric.powell@globex.net,work,FALSE
83FRBI0H,Stevens,Michael,michael.stevens@acmecorp.org,work,FALSE
BU1N3SQL,Smith,Thomas,thomas.smith@example.com,work,FALSE
HGAW2RT8,Carey,Lisa,lisa.carey@acmecorp.org,work,FALSE
JEJ8TGOS,Logan,Kevin,kevin.logan@example.com,work,FALSE
9OD6KLRF,Woods,Jeffrey,jeffrey.woods@acmecorp.org,work,FALSE
8L3XZU4A,Lynch,Lynn,lynn.lynch@acmecorp.org,work,FALSE
U3GW1356,Dillon,Katherine,katherine.dillon@example.com,work,FALSE
12MR8J8P,Ball,Joshua,joshua.ball@acmecorp.org,work,FALSE
ZWLTHJA6,Jimenez,Kevin,kevin.jimenez@acmecorp.org,work,FALSE
CASHA6K3,Fletcher,Michael,michael.fletcher@globex.net,work,FALSE
H16QD3R8,Ford,Jamie,jamie.ford@inovatech.co,work,FALSE
LFNPF91S,Alexander,Rebecca,rebecca.alexander@acmecorp.org,work,FALSE
A4ISDC9A,Sutton,Matthew,matthew.sutton@globex.net,work,FALSE
NRLW0D3J,Yang,Leah,leah.yang@inovatech.co,work,FALSE
RX5IZMDN,Cox,Lauren,lauren.cox@example.com,work,FALSE
I71IU5CV,Davis,Chad,chad.davis@acmecorp.org,work,FALSE
M8P6JHJE,Thomas,Amber,amber.thomas@inovatech.co,work,FALSE
SWU8EFAH,Morton,Thomas,thomas.morton@globex.net,work,FALSE
IQX8UDS7,Martin,Joseph,joseph.martin@inovatech.co,work,FALSE
ZZS148GO,Higgins,Jeffrey,jeffrey.higgins@globex.net,work,FALSE
H54OYSE8,Singleton,Walter,walter.singleton@globex.net,work,FALSE
T8J6BRY1,Macdonald,Penny,penny.macdonald@example.com,work,FALSE
DSXAKXIV,Nelson,Erin,erin.nelson@globex.net,work,FALSE
17J4ITKU,Jones,Gina,gina.jones@acmecorp.org,work,FALSE
25P8O3VL,Schaefer,Mary,mary.schaefer@inovatech.co,work,FALSE
BI81RAYW,Arnold,Patrick,patrick.arnold@acmecorp.org,work,FALSE
J4U66XZU,Watkins,Molly,molly.watkins@example.com,work,FALSE
SAJEGZUN,Price,Brian,brian.price@globex.net,work,FALSE
F3GMX8ZF,Johnson,Sharon,sharon.johnson@globex.net,work,FALSE
UMHBJBZX,Koch,Nicole,nicole.koch@acmecorp.org,work,FALSE
ND0I2VFP,Curtis,Glenn,glenn.curtis@example.com,work,FALSE
JCPBTF6L,Clark,Katherine,katherine.clark@inovatech.co,work,FALSE
OI535L1U,Bush,Mallory,mallory.bush@inovatech.co,work,FALSE
SP345AC8,Carr,James,james.carr@example.com,work,FALSE
Z0PVL8G3,Diaz,Tiffany,tiffany.diaz@example.com,work,FALSE
FZLTF13W,Patterson,Tiffany,tiffany.patterson@inovatech.co,work,FALSE
Q6KEWZZH,Allen,Kelly,kelly.allen@globex.net,work,FALSE
UAECEZHO,Klein,Jennifer,jennifer.klein@acmecorp.org,work,FALSE
T416ELWP,Evans,Erin,erin.evans@inovatech.co,work,FALSE
KP8AP3OU,Washington,Taylor,taylor.washington@example.com,work,FALSE
XKQBLGMO,Montgomery,Jessica,jessica.montgomery@example.com,work,FALSE
WAOA2AMT,Parker,Dawn,dawn.parker@globex.net,work,FALSE
PC3WJEQ8,Strickland,Randall,randall.strickland@example.com,work,FALSE
W8DYX1PD,Carlson,Sarah,sarah.carlson@acmecorp.org,work,FALSE
ZOPSOODY,Love,Alexander,alexander.love@globex.net,work,FALSE
KBKIRHNU,Velasquez,Kimberly,kimberly.velasquez@acmecorp.org,work,FALSE
KH7WYRS9,Reed,Veronica,veronica.reed@inovatech.co,work,FALSE
5X9TFXL5,Wilkinson,Timothy,timothy.wilkinson@example.com,work,FALSE
0M3D7CX3,Lee,Mark,mark.lee@example.com,work,FALSE
0FP3FAN3,Bennett,Melissa,melissa.bennett@acmecorp.org,work,FALSE
CWT83ZKO,Turner,Shannon,shannon.turner@globex.net,work,FALSE
JMXF50TM,Cruz,Joshua,joshua.cruz@globex.net,work,FALSE
2F2NGJBB,Munoz,Denise,denise.munoz@example.com,work,FALSE
FTROML4J,Patterson,Bryan,bryan.patterson@acmecorp.org,work,FALSE
7JIIS8HO,Fox,Danielle,danielle.fox@globex.net,work,FALSE
299JLUEO,Taylor,Jacob,jacob.taylor@globex.net,work,FALSE
6OC6SMRN,Green,Jack,jack.green@globex.net,work,FALSE
PQ7F644G,Weber,Mary,mary.weber@inovatech.co,work,FALSE
WF3X0BMM,Douglas,Michael,michael.douglas@inovatech.co,work,FALSE
05M5BLHW,Anderson,Gregory,gregory.anderson@inovatech.co,work,FALSE
HBGKNR56,Cervantes,Stephen,stephen.cervantes@globex.net,work,FALSE
ZBJ7O4PZ,Gonzalez,Timothy,timothy.gonzalez@globex.net,work,FALSE
BDBHZHQL,Zimmerman,Rebecca,rebecca.zimmerman@acmecorp.org,work,FALSE
VQ68PPCZ,Anderson,Kevin,kevin.anderson@example.com,work,FALSE
8HGD1ITE,Phelps,Kevin,kevin.phelps@acmecorp.org,work,FALSE
FB95D3GR,Green,Marcus,marcus.green@acmecorp.org,work,FALSE
TMV62C9X,Richardson,Reginald,reginald.richardson@globex.net,work,FALSE
ZHKS6FJH,Valenzuela,Sue,sue.valenzuela@globex.net,work,FALSE
T46U9B06,Mccarthy,Justin,justin.mccarthy@inovatech.co,work,FALSE
29S75D6P,Wagner,Rebecca,rebecca.wagner@acmecorp.org,work,FALSE
NQIY1MF7,Johnson,Michael,michael.johnson@example.com,work,FALSE
U4Y8GU9T,Park,Kristen,kristen.park@example.com,work,FALSE
I7N770N9,Woodward,Cynthia,cynthia.woodward@inovatech.co,work,FALSE
NU4EJF6G,Colon,Christine,christine.colon@inovatech.co,work,FALSE
Z24OPTOV,Reilly,Danny,danny.reilly@globex.net,work,FALSE
PYBTFRYR,Lopez,Ashley,ashley.lopez@inovatech.co,work,FALSE
0KHF0BQ1,Gamble,Lisa,lisa.gamble@globex.net,work,FALSE
P7KG0DGF,Love,Heather,heather.love@acmecorp.org,work,FALSE
A3SKCBCC,Franco,Carolyn,carolyn.franco@acmecorp.org,work,FALSE
EHK1YLYA,Fletcher,Joshua,joshua.fletcher@inovatech.co,work,FALSE
SXEI67C2,Olson,Robert,robert.olson@globex.net,work,FALSE
K871RNA3,Reid,Jessica,jessica.reid@inovatech.co,work,FALSE
GD5K27JL,Keller,John,john.keller@inovatech.co,work,FALSE
UK4GEY58,Beard,Danielle,danielle.beard@inovatech.co,work,FALSE
UGUDWD3Y,Williams,Rodney,rodney.williams@globex.net,work,FALSE
Z8960D8Q,Adams,Jeffrey,jeffrey.adams@acmecorp.org,work,FALSE
SD6I0NYR,Ibarra,Connor,connor.ibarra@inovatech.co,work,FALSE
EFNUJJHC,Roberts,Cindy,cindy.roberts@globex.net,work,FALSE
KJN1MK9K,Davis,Jessica,jessica.davis@globex.net,work,FALSE
2GTNV79N,Martin,Bryan,bryan.martin@example.com,work,FALSE
VYXZJLLW,Haynes,Jenna,jenna.haynes@inovatech.co,work,FALSE
FYILUOLJ,Kelly,Mark,mark.kelly@inovatech.co,work,FALSE
YXWV05W2,Baker,John,john.baker@inovatech.co,work,FALSE
UGQXG9VQ,Spence,Donald,donald.spence@example.com,work,FALSE
JXOAZ1WK,Wheeler,Nicole,nicole.wheeler@example.com,work,FALSE
71KOUDO3,Hill,Evelyn,evelyn.hill@inovatech.co,work,FALSE
N5CO94PO,Edwards,Christian,christian.edwards@acmecorp.org,work,FALSE
HB7BXAPH,Hall,Andrea,andrea.hall@acmecorp.org,work,FALSE
V5YK2YKF,Robinson,Brad,brad.robinson@example.com,work,FALSE
JGRVVEC9,Henderson,Monica,monica.henderson@inovatech.co,work,FALSE
KBEQCHQ4,Johnson,Sheri,sheri.johnson@globex.net,work,FALSE
AB3LBSJR,Montgomery,Troy,troy.montgomery@globex.net,work,FALSE
VQF9XQSL,Yu,David,david.yu@inovatech.co,work,FALSE
D5SF7WHI,Gregory,Sandra,sandra.gregory@acmecorp.org,work,FALSE
R9CDDJ1X,Evans,Caitlin,caitlin.evans@globex.net,work,FALSE
YSS3BXVB,Montgomery,Jessica,jessica.montgomery@globex.net,work,FALSE
97MS4YR1,Clark,Shane,shane.clark@acmecorp.org,work,FALSE
8RJGTXNN,Brown,Allison,allison.brown@globex.net,work,FALSE
VPQ8XCQH,Moore,Jason,jason.moore@acmecorp.org,work,FALSE
O8FHAG81,Ramirez,Chelsea,chelsea.ramirez@example.com,work,FALSE
VJV6WME4,Stephens,Cassie,cassie.stephens@example.com,work,FALSE
JYL1Y0H6,Tyler,Victor,victor.tyler@globex.net,work,FALSE
EPCWYHGD,Campbell,Kathryn,kathryn.campbell@acmecorp.org,work,FALSE
NVDN4QGW,Adams,Brandi,brandi.adams@acmecorp.org,work,FALSE
0B0VTCCX,Murphy,Amy,amy.murphy@globex.net,work,FALSE
O1UOSRS8,Snyder,Shelly,shelly.snyder@acmecorp.org,work,FALSE
NIUOI080,Mckinney,Jonathan,jonathan.mckinney@acmecorp.org,work,FALSE
7PCH7ZGX,Gonzalez,Jesse,jesse.gonzalez@globex.net,work,FALSE
JM618UID,Salazar,Nathaniel,nathaniel.salazar@acmecorp.org,work,FALSE
ZNFNMN9D,Navarro,Shannon,shannon.navarro@globex.net,work,FALSE
N1OK3L77,Guzman,Lisa,lisa.guzman@globex.net,work,FALSE
4V1ZGPZR,Gonzalez,Andrew,andrew.gonzalez@example.com,work,FALSE
H1G6CYIS,Henderson,Jonathan,jonathan.henderson@example.com,work,FALSE
K3YYZMM1,Johnson,Austin,austin.johnson@example.com,work,FALSE
G7D5J4OM,Lucas,Shannon,shannon.lucas@acmecorp.org,work,FALSE
NTKQSU11,Delacruz,Elizabeth,elizabeth.delacruz@acmecorp.org,work,FALSE
W6PRV4S0,Lynch,Connie,connie.lynch@globex.net,work,FALSE
CO4CSLMG,Smith,Connor,connor.smith@inovatech.co,work,FALSE
WJCBBOXH,Kelly,Jessica,jessica.kelly@example.com,work,FALSE
A6ELTA2F,Martinez,Lisa,lisa.martinez@globex.net,work,FALSE
KN5YUGXW,Webb,Brian,brian.webb@inovatech.co,work,FALSE
AZVSO23A,May,Ryan,ryan.may@acmecorp.org,work,FALSE
6I0P89YY,Hanson,Amy,amy.hanson@example.com,work,FALSE
PCEQ2ZD8,Collins,Ryan,ryan.collins@example.com,work,FALSE
94IEXGWW,Barton,Courtney,courtney.barton@example.com,work,FALSE
28YS5RH9,Thompson,Kelly,kelly.thompson@acmecorp.org,work,FALSE
70VKT344,Leblanc,Shelby,shelby.leblanc@globex.net,work,FALSE
98G5YQLY,Scott,Kimberly,kimberly.scott@inovatech.co,work,FALSE
6YCF4VIT,Bowers,Anthony,anthony.bowers@inovatech.co,work,FALSE
CS1VQXP4,Williamson,Joe,joe.williamson@globex.net,work,FALSE
BZ5N6LYG,Garcia,Renee,renee.garcia@inovatech.co,work,FALSE
OC04PS7N,Robinson,Nicholas,nicholas.robinson@example.com,work,FALSE
ZXHSEPET,Morgan,Heather,heather.morgan@example.com,work,FALSE
A5D1CZKS,Francis,Marcia,marcia.francis@globex.net,work,FALSE
Y37PQNC7,Sandoval,Nicole,nicole.sandoval@inovatech.co,work,FALSE
W1YH2JHY,Mitchell,Donald,donald.mitchell@globex.net,work,FALSE
HGYY4T0E,Jimenez,Shelby,shelby.jimenez@globex.net,work,FALSE
5M4YA17V,Tyler,Stephen,stephen.tyler@example.com,work,FALSE
P5K9M494,Miller,John,john.miller@acmecorp.org,work,FALSE
OPBUVAR2,Clark,Amber,amber.clark@example.com,work,FALSE
CMPV26CO,Brandt,James,james.brandt@acmecorp.org,work,FALSE
HI68VIMU,Blanchard,Shannon,shannon.blanchard@example.com,work,FALSE
GURX42EX,Jackson,Joseph,joseph.jackson@example.com,work,FALSE
5HLYIDO7,Clark,Samantha,samantha.clark@inovatech.co,work,FALSE
BYNKJ68Y,Young,Thomas,thomas.young@example.com,work,FALSE
OFTRZ9TZ,Benton,Todd,todd.benton@example.com,work,FALSE
IFMSL8D2,Park,Steven,steven.park@globex.net,work,FALSE
S4OU7YXR,Gordon,Veronica,veronica.gordon@inovatech.co,work,FALSE
PCWUI0HK,Harris,Nancy,nancy.harris@inovatech.co,work,FALSE
O2NXHY7D,Thomas,Justin,justin.thomas@example.com,work,FALSE
S1Z73FAM,Jordan,Linda,linda.jordan@example.com,work,FALSE
EANP008L,Shannon,William,william.shannon@globex.net,work,FALSE
NE5W45WM,Richardson,Ann,ann.richardson@globex.net,work,FALSE